{
    "loss": 0.030206190422177315,
    "accuracy": 0.9784172773361206
}