{
    "loss": 0.13281753659248352,
    "accuracy": 0.9568345546722412
}